{
  "task_name": "perpetrator_justification",
  "label_col": "perp_justified_gt",
  "task_type": "binary",
  "model_name": "naive_bayes",
  "text_col": "text_ml",
  "best_config": {
    "ngram_range": [
      1,
      2
    ],
    "max_features": 10000,
    "min_df": 2,
    "C": 1.0,
    "alpha": 0.5
  },
  "val_metrics": {
    "precision": 0.6666666666666666,
    "recall": 0.22857142857142856,
    "f1": 0.3404255319148936,
    "accuracy": 0.6736842105263158
  },
  "test_metrics": {
    "precision": 0.65,
    "recall": 0.38235294117647056,
    "f1": 0.48148148148148145,
    "accuracy": 0.7083333333333334
  },
  "search_results": [
    {
      "model_name": "naive_bayes",
      "label_col": "perp_justified_gt",
      "task_type": "binary",
      "params": {
        "ngram_range": [
          1,
          1
        ],
        "max_features": 10000,
        "min_df": 2,
        "C": 1.0,
        "alpha": 0.5
      },
      "train_metrics": {
        "precision": 0.9887640449438202,
        "recall": 0.5906040268456376,
        "f1": 0.7394957983193278,
        "accuracy": 0.8600451467268623
      },
      "val_metrics": {
        "precision": 0.5,
        "recall": 0.05714285714285714,
        "f1": 0.10256410256410256,
        "accuracy": 0.631578947368421
      }
    },
    {
      "model_name": "naive_bayes",
      "label_col": "perp_justified_gt",
      "task_type": "binary",
      "params": {
        "ngram_range": [
          1,
          1
        ],
        "max_features": 10000,
        "min_df": 2,
        "C": 1.0,
        "alpha": 1.0
      },
      "train_metrics": {
        "precision": 1.0,
        "recall": 0.1476510067114094,
        "f1": 0.2573099415204678,
        "accuracy": 0.7133182844243793
      },
      "val_metrics": {
        "precision": 0.0,
        "recall": 0.0,
        "f1": 0.0,
        "accuracy": 0.631578947368421
      }
    },
    {
      "model_name": "naive_bayes",
      "label_col": "perp_justified_gt",
      "task_type": "binary",
      "params": {
        "ngram_range": [
          1,
          2
        ],
        "max_features": 10000,
        "min_df": 2,
        "C": 1.0,
        "alpha": 0.5
      },
      "train_metrics": {
        "precision": 0.9658119658119658,
        "recall": 0.7583892617449665,
        "f1": 0.849624060150376,
        "accuracy": 0.909706546275395
      },
      "val_metrics": {
        "precision": 0.6666666666666666,
        "recall": 0.22857142857142856,
        "f1": 0.3404255319148936,
        "accuracy": 0.6736842105263158
      }
    },
    {
      "model_name": "naive_bayes",
      "label_col": "perp_justified_gt",
      "task_type": "binary",
      "params": {
        "ngram_range": [
          1,
          2
        ],
        "max_features": 10000,
        "min_df": 2,
        "C": 1.0,
        "alpha": 1.0
      },
      "train_metrics": {
        "precision": 0.98,
        "recall": 0.3288590604026846,
        "f1": 0.49246231155778897,
        "accuracy": 0.7720090293453724
      },
      "val_metrics": {
        "precision": 0.0,
        "recall": 0.0,
        "f1": 0.0,
        "accuracy": 0.6210526315789474
      }
    }
  ],
  "model_path": "models/framing_ml/perpetrator_justification__naive_bayes.joblib"
}