{
  "task_name": "perpetrator_justification",
  "label_col": "perp_justified_gt",
  "task_type": "binary",
  "model_name": "logreg",
  "text_col": "text_ml",
  "best_config": {
    "ngram_range": [
      1,
      1
    ],
    "max_features": 10000,
    "min_df": 2,
    "C": 1.0,
    "alpha": 1.0
  },
  "val_metrics": {
    "precision": 0.6756756756756757,
    "recall": 0.7142857142857143,
    "f1": 0.6944444444444444,
    "accuracy": 0.7684210526315789
  },
  "test_metrics": {
    "precision": 0.6222222222222222,
    "recall": 0.8235294117647058,
    "f1": 0.7088607594936709,
    "accuracy": 0.7604166666666666
  },
  "search_results": [
    {
      "model_name": "logreg",
      "label_col": "perp_justified_gt",
      "task_type": "binary",
      "params": {
        "ngram_range": [
          1,
          1
        ],
        "max_features": 10000,
        "min_df": 2,
        "C": 0.5,
        "alpha": 1.0
      },
      "train_metrics": {
        "precision": 0.7912087912087912,
        "recall": 0.9664429530201343,
        "f1": 0.8700906344410876,
        "accuracy": 0.9029345372460497
      },
      "val_metrics": {
        "precision": 0.6578947368421053,
        "recall": 0.7142857142857143,
        "f1": 0.684931506849315,
        "accuracy": 0.7578947368421053
      }
    },
    {
      "model_name": "logreg",
      "label_col": "perp_justified_gt",
      "task_type": "binary",
      "params": {
        "ngram_range": [
          1,
          1
        ],
        "max_features": 10000,
        "min_df": 2,
        "C": 1.0,
        "alpha": 1.0
      },
      "train_metrics": {
        "precision": 0.8757396449704142,
        "recall": 0.9932885906040269,
        "f1": 0.9308176100628931,
        "accuracy": 0.9503386004514672
      },
      "val_metrics": {
        "precision": 0.6756756756756757,
        "recall": 0.7142857142857143,
        "f1": 0.6944444444444444,
        "accuracy": 0.7684210526315789
      }
    },
    {
      "model_name": "logreg",
      "label_col": "perp_justified_gt",
      "task_type": "binary",
      "params": {
        "ngram_range": [
          1,
          1
        ],
        "max_features": 10000,
        "min_df": 2,
        "C": 2.0,
        "alpha": 1.0
      },
      "train_metrics": {
        "precision": 0.9197530864197531,
        "recall": 1.0,
        "f1": 0.9581993569131833,
        "accuracy": 0.9706546275395034
      },
      "val_metrics": {
        "precision": 0.6764705882352942,
        "recall": 0.6571428571428571,
        "f1": 0.6666666666666666,
        "accuracy": 0.7578947368421053
      }
    },
    {
      "model_name": "logreg",
      "label_col": "perp_justified_gt",
      "task_type": "binary",
      "params": {
        "ngram_range": [
          1,
          2
        ],
        "max_features": 10000,
        "min_df": 2,
        "C": 1.0,
        "alpha": 1.0
      },
      "train_metrics": {
        "precision": 0.8757396449704142,
        "recall": 0.9932885906040269,
        "f1": 0.9308176100628931,
        "accuracy": 0.9503386004514672
      },
      "val_metrics": {
        "precision": 0.6578947368421053,
        "recall": 0.7142857142857143,
        "f1": 0.684931506849315,
        "accuracy": 0.7578947368421053
      }
    },
    {
      "model_name": "logreg",
      "label_col": "perp_justified_gt",
      "task_type": "binary",
      "params": {
        "ngram_range": [
          1,
          2
        ],
        "max_features": 10000,
        "min_df": 2,
        "C": 2.0,
        "alpha": 1.0
      },
      "train_metrics": {
        "precision": 0.9612903225806452,
        "recall": 1.0,
        "f1": 0.9802631578947368,
        "accuracy": 0.9864559819413092
      },
      "val_metrics": {
        "precision": 0.6666666666666666,
        "recall": 0.6285714285714286,
        "f1": 0.6470588235294118,
        "accuracy": 0.7473684210526316
      }
    },
    {
      "model_name": "logreg",
      "label_col": "perp_justified_gt",
      "task_type": "binary",
      "params": {
        "ngram_range": [
          1,
          2
        ],
        "max_features": 20000,
        "min_df": 2,
        "C": 2.0,
        "alpha": 1.0
      },
      "train_metrics": {
        "precision": 0.9675324675324676,
        "recall": 1.0,
        "f1": 0.9834983498349835,
        "accuracy": 0.9887133182844243
      },
      "val_metrics": {
        "precision": 0.6470588235294118,
        "recall": 0.6285714285714286,
        "f1": 0.6376811594202898,
        "accuracy": 0.7368421052631579
      }
    }
  ],
  "model_path": "/models/framing_ml/perpetrator_justification__logreg.joblib"
}