{
  "task_name": "perpetrator_justification",
  "label_col": "perp_justified_gt",
  "task_type": "binary",
  "model_name": "xgboost",
  "text_col": "text_ml",
  "best_config": {
    "ngram_range": [
      1,
      1
    ],
    "max_features": 10000,
    "min_df": 2,
    "n_estimators": 200,
    "max_depth": 4,
    "learning_rate": 0.05
  },
  "val_metrics": {
    "precision": 0.782608695652174,
    "recall": 0.5142857142857142,
    "f1": 0.6206896551724138,
    "accuracy": 0.7684210526315789
  },
  "test_metrics": {
    "precision": 0.6190476190476191,
    "recall": 0.38235294117647056,
    "f1": 0.4727272727272727,
    "accuracy": 0.6979166666666666
  },
  "search_results": [
    {
      "model_name": "xgboost",
      "label_col": "perp_justified_gt",
      "task_type": "binary",
      "params": {
        "ngram_range": [
          1,
          1
        ],
        "max_features": 5000,
        "min_df": 2,
        "n_estimators": 100,
        "max_depth": 3,
        "learning_rate": 0.1
      },
      "train_metrics": {
        "precision": 1.0,
        "recall": 0.9932885906040269,
        "f1": 0.9966329966329966,
        "accuracy": 0.9977426636568849
      },
      "val_metrics": {
        "precision": 0.6666666666666666,
        "recall": 0.4,
        "f1": 0.5,
        "accuracy": 0.7052631578947368
      }
    },
    {
      "model_name": "xgboost",
      "label_col": "perp_justified_gt",
      "task_type": "binary",
      "params": {
        "ngram_range": [
          1,
          2
        ],
        "max_features": 5000,
        "min_df": 2,
        "n_estimators": 100,
        "max_depth": 3,
        "learning_rate": 0.1
      },
      "train_metrics": {
        "precision": 1.0,
        "recall": 0.9932885906040269,
        "f1": 0.9966329966329966,
        "accuracy": 0.9977426636568849
      },
      "val_metrics": {
        "precision": 0.6956521739130435,
        "recall": 0.45714285714285713,
        "f1": 0.5517241379310345,
        "accuracy": 0.7263157894736842
      }
    },
    {
      "model_name": "xgboost",
      "label_col": "perp_justified_gt",
      "task_type": "binary",
      "params": {
        "ngram_range": [
          1,
          1
        ],
        "max_features": 10000,
        "min_df": 2,
        "n_estimators": 200,
        "max_depth": 4,
        "learning_rate": 0.05
      },
      "train_metrics": {
        "precision": 1.0,
        "recall": 1.0,
        "f1": 1.0,
        "accuracy": 1.0
      },
      "val_metrics": {
        "precision": 0.782608695652174,
        "recall": 0.5142857142857142,
        "f1": 0.6206896551724138,
        "accuracy": 0.7684210526315789
      }
    },
    {
      "model_name": "xgboost",
      "label_col": "perp_justified_gt",
      "task_type": "binary",
      "params": {
        "ngram_range": [
          1,
          2
        ],
        "max_features": 10000,
        "min_df": 2,
        "n_estimators": 200,
        "max_depth": 4,
        "learning_rate": 0.05
      },
      "train_metrics": {
        "precision": 1.0,
        "recall": 1.0,
        "f1": 1.0,
        "accuracy": 1.0
      },
      "val_metrics": {
        "precision": 0.7272727272727273,
        "recall": 0.45714285714285713,
        "f1": 0.5614035087719298,
        "accuracy": 0.7368421052631579
      }
    }
  ],
  "model_path": "/models/framing_ml/perpetrator_justification__xgboost.joblib"
}