{
  "task_name": "perpetrator_justification",
  "label_col": "perp_justified_gt",
  "task_type": "binary",
  "model_name": "linear_svm",
  "text_col": "text_ml",
  "best_config": {
    "ngram_range": [
      1,
      2
    ],
    "max_features": 20000,
    "min_df": 2,
    "C": 2.0,
    "alpha": 1.0
  },
  "val_metrics": {
    "precision": 0.7,
    "recall": 0.6,
    "f1": 0.6461538461538462,
    "accuracy": 0.7578947368421053
  },
  "test_metrics": {
    "precision": 0.6774193548387096,
    "recall": 0.6176470588235294,
    "f1": 0.6461538461538462,
    "accuracy": 0.7604166666666666
  },
  "search_results": [
    {
      "model_name": "linear_svm",
      "label_col": "perp_justified_gt",
      "task_type": "binary",
      "params": {
        "ngram_range": [
          1,
          1
        ],
        "max_features": 10000,
        "min_df": 2,
        "C": 0.5,
        "alpha": 1.0
      },
      "train_metrics": {
        "precision": 0.9802631578947368,
        "recall": 1.0,
        "f1": 0.9900332225913622,
        "accuracy": 0.9932279909706546
      },
      "val_metrics": {
        "precision": 0.6896551724137931,
        "recall": 0.5714285714285714,
        "f1": 0.625,
        "accuracy": 0.7473684210526316
      }
    },
    {
      "model_name": "linear_svm",
      "label_col": "perp_justified_gt",
      "task_type": "binary",
      "params": {
        "ngram_range": [
          1,
          1
        ],
        "max_features": 10000,
        "min_df": 2,
        "C": 1.0,
        "alpha": 1.0
      },
      "train_metrics": {
        "precision": 0.9867549668874173,
        "recall": 1.0,
        "f1": 0.9933333333333333,
        "accuracy": 0.9954853273137697
      },
      "val_metrics": {
        "precision": 0.6785714285714286,
        "recall": 0.5428571428571428,
        "f1": 0.6031746031746031,
        "accuracy": 0.7368421052631579
      }
    },
    {
      "model_name": "linear_svm",
      "label_col": "perp_justified_gt",
      "task_type": "binary",
      "params": {
        "ngram_range": [
          1,
          1
        ],
        "max_features": 10000,
        "min_df": 2,
        "C": 2.0,
        "alpha": 1.0
      },
      "train_metrics": {
        "precision": 0.9867549668874173,
        "recall": 1.0,
        "f1": 0.9933333333333333,
        "accuracy": 0.9954853273137697
      },
      "val_metrics": {
        "precision": 0.68,
        "recall": 0.4857142857142857,
        "f1": 0.5666666666666667,
        "accuracy": 0.7263157894736842
      }
    },
    {
      "model_name": "linear_svm",
      "label_col": "perp_justified_gt",
      "task_type": "binary",
      "params": {
        "ngram_range": [
          1,
          2
        ],
        "max_features": 10000,
        "min_df": 2,
        "C": 1.0,
        "alpha": 1.0
      },
      "train_metrics": {
        "precision": 0.9867549668874173,
        "recall": 1.0,
        "f1": 0.9933333333333333,
        "accuracy": 0.9954853273137697
      },
      "val_metrics": {
        "precision": 0.65625,
        "recall": 0.6,
        "f1": 0.6268656716417911,
        "accuracy": 0.7368421052631579
      }
    },
    {
      "model_name": "linear_svm",
      "label_col": "perp_justified_gt",
      "task_type": "binary",
      "params": {
        "ngram_range": [
          1,
          2
        ],
        "max_features": 10000,
        "min_df": 2,
        "C": 2.0,
        "alpha": 1.0
      },
      "train_metrics": {
        "precision": 0.9867549668874173,
        "recall": 1.0,
        "f1": 0.9933333333333333,
        "accuracy": 0.9954853273137697
      },
      "val_metrics": {
        "precision": 0.6774193548387096,
        "recall": 0.6,
        "f1": 0.6363636363636364,
        "accuracy": 0.7473684210526316
      }
    },
    {
      "model_name": "linear_svm",
      "label_col": "perp_justified_gt",
      "task_type": "binary",
      "params": {
        "ngram_range": [
          1,
          2
        ],
        "max_features": 20000,
        "min_df": 2,
        "C": 2.0,
        "alpha": 1.0
      },
      "train_metrics": {
        "precision": 0.9867549668874173,
        "recall": 1.0,
        "f1": 0.9933333333333333,
        "accuracy": 0.9954853273137697
      },
      "val_metrics": {
        "precision": 0.7,
        "recall": 0.6,
        "f1": 0.6461538461538462,
        "accuracy": 0.7578947368421053
      }
    }
  ],
  "model_path": "/models/framing_ml/perpetrator_justification__linear_svm.joblib"
}