{
  "task_name": "perpetrator_justification",
  "label_col": "perp_justified_gt",
  "task_type": "binary",
  "model_name": "bert",
  "text_col": "text_linguistic",
  "best_config": {
    "learning_rate": 2e-05,
    "num_train_epochs": 3,
    "weight_decay": 0.01,
    "train_batch_size": 4,
    "eval_batch_size": 8
  },
  "val_metrics": {
    "loss": 0.5121181011199951,
    "precision": 0.627906976744186,
    "recall": 0.7714285714285715,
    "f1": 0.6923076923076923,
    "accuracy": 0.7473684210526316,
    "runtime": 1.0622,
    "samples_per_second": 89.435,
    "steps_per_second": 11.297
  },
  "test_metrics": {
    "precision": 0.6451612903225806,
    "recall": 0.5882352941176471,
    "f1": 0.6153846153846154,
    "accuracy": 0.7395833333333334
  },
  "search_results": [
    {
      "model_name": "bert",
      "label_col": "perp_justified_gt",
      "task_type": "binary",
      "params": {
        "learning_rate": 2e-05,
        "num_train_epochs": 3,
        "weight_decay": 0.01,
        "train_batch_size": 4,
        "eval_batch_size": 8
      },
      "val_metrics": {
        "loss": 0.5121181011199951,
        "precision": 0.627906976744186,
        "recall": 0.7714285714285715,
        "f1": 0.6923076923076923,
        "accuracy": 0.7473684210526316,
        "runtime": 1.0622,
        "samples_per_second": 89.435,
        "steps_per_second": 11.297
      }
    },
    {
      "model_name": "bert",
      "label_col": "perp_justified_gt",
      "task_type": "binary",
      "params": {
        "learning_rate": 3e-05,
        "num_train_epochs": 3,
        "weight_decay": 0.01,
        "train_batch_size": 4,
        "eval_batch_size": 8
      },
      "val_metrics": {
        "loss": 0.5308895707130432,
        "precision": 0.6046511627906976,
        "recall": 0.7428571428571429,
        "f1": 0.6666666666666666,
        "accuracy": 0.7263157894736842,
        "runtime": 1.0252,
        "samples_per_second": 92.665,
        "steps_per_second": 11.705
      }
    },
    {
      "model_name": "bert",
      "label_col": "perp_justified_gt",
      "task_type": "binary",
      "params": {
        "learning_rate": 2e-05,
        "num_train_epochs": 5,
        "weight_decay": 0.01,
        "train_batch_size": 4,
        "eval_batch_size": 8
      },
      "val_metrics": {
        "loss": 0.8332170248031616,
        "precision": 0.6,
        "recall": 0.6,
        "f1": 0.6,
        "accuracy": 0.7052631578947368,
        "runtime": 1.0298,
        "samples_per_second": 92.252,
        "steps_per_second": 11.653
      }
    }
  ],
  "model_path": "/models/framing_ml/perpetrator_justification__bert/final_model"
}