{
  "task_name": "victim_blaming",
  "label_col": "victim_blaming_gt",
  "task_type": "binary",
  "model_name": "linear_svm",
  "text_col": "text_ml",
  "best_config": {
    "ngram_range": [
      1,
      1
    ],
    "max_features": 10000,
    "min_df": 2,
    "C": 1.0,
    "alpha": 1.0
  },
  "val_metrics": {
    "precision": 0.38461538461538464,
    "recall": 0.2777777777777778,
    "f1": 0.3225806451612903,
    "accuracy": 0.7789473684210526
  },
  "test_metrics": {
    "precision": 0.375,
    "recall": 0.2,
    "f1": 0.2608695652173913,
    "accuracy": 0.8229166666666666
  },
  "search_results": [
    {
      "model_name": "linear_svm",
      "label_col": "victim_blaming_gt",
      "task_type": "binary",
      "params": {
        "ngram_range": [
          1,
          1
        ],
        "max_features": 10000,
        "min_df": 2,
        "C": 0.5,
        "alpha": 1.0
      },
      "train_metrics": {
        "precision": 0.9787234042553191,
        "recall": 1.0,
        "f1": 0.989247311827957,
        "accuracy": 0.9954853273137697
      },
      "val_metrics": {
        "precision": 0.35714285714285715,
        "recall": 0.2777777777777778,
        "f1": 0.3125,
        "accuracy": 0.7684210526315789
      }
    },
    {
      "model_name": "linear_svm",
      "label_col": "victim_blaming_gt",
      "task_type": "binary",
      "params": {
        "ngram_range": [
          1,
          1
        ],
        "max_features": 10000,
        "min_df": 2,
        "C": 1.0,
        "alpha": 1.0
      },
      "train_metrics": {
        "precision": 0.9787234042553191,
        "recall": 1.0,
        "f1": 0.989247311827957,
        "accuracy": 0.9954853273137697
      },
      "val_metrics": {
        "precision": 0.38461538461538464,
        "recall": 0.2777777777777778,
        "f1": 0.3225806451612903,
        "accuracy": 0.7789473684210526
      }
    },
    {
      "model_name": "linear_svm",
      "label_col": "victim_blaming_gt",
      "task_type": "binary",
      "params": {
        "ngram_range": [
          1,
          1
        ],
        "max_features": 10000,
        "min_df": 2,
        "C": 2.0,
        "alpha": 1.0
      },
      "train_metrics": {
        "precision": 0.989247311827957,
        "recall": 1.0,
        "f1": 0.9945945945945946,
        "accuracy": 0.9977426636568849
      },
      "val_metrics": {
        "precision": 0.4444444444444444,
        "recall": 0.2222222222222222,
        "f1": 0.2962962962962963,
        "accuracy": 0.8
      }
    },
    {
      "model_name": "linear_svm",
      "label_col": "victim_blaming_gt",
      "task_type": "binary",
      "params": {
        "ngram_range": [
          1,
          2
        ],
        "max_features": 10000,
        "min_df": 2,
        "C": 1.0,
        "alpha": 1.0
      },
      "train_metrics": {
        "precision": 0.989247311827957,
        "recall": 1.0,
        "f1": 0.9945945945945946,
        "accuracy": 0.9977426636568849
      },
      "val_metrics": {
        "precision": 0.3333333333333333,
        "recall": 0.2222222222222222,
        "f1": 0.26666666666666666,
        "accuracy": 0.7684210526315789
      }
    },
    {
      "model_name": "linear_svm",
      "label_col": "victim_blaming_gt",
      "task_type": "binary",
      "params": {
        "ngram_range": [
          1,
          2
        ],
        "max_features": 10000,
        "min_df": 2,
        "C": 2.0,
        "alpha": 1.0
      },
      "train_metrics": {
        "precision": 0.989247311827957,
        "recall": 1.0,
        "f1": 0.9945945945945946,
        "accuracy": 0.9977426636568849
      },
      "val_metrics": {
        "precision": 0.3333333333333333,
        "recall": 0.2222222222222222,
        "f1": 0.26666666666666666,
        "accuracy": 0.7684210526315789
      }
    },
    {
      "model_name": "linear_svm",
      "label_col": "victim_blaming_gt",
      "task_type": "binary",
      "params": {
        "ngram_range": [
          1,
          2
        ],
        "max_features": 20000,
        "min_df": 2,
        "C": 2.0,
        "alpha": 1.0
      },
      "train_metrics": {
        "precision": 0.989247311827957,
        "recall": 1.0,
        "f1": 0.9945945945945946,
        "accuracy": 0.9977426636568849
      },
      "val_metrics": {
        "precision": 0.2857142857142857,
        "recall": 0.1111111111111111,
        "f1": 0.16,
        "accuracy": 0.7789473684210526
      }
    }
  ],
  "model_path": "/models/framing_ml/victim_blaming__linear_svm.joblib"
}