{
  "task_name": "victim_blaming",
  "label_col": "victim_blaming_gt",
  "task_type": "binary",
  "model_name": "logreg",
  "text_col": "text_ml",
  "best_config": {
    "ngram_range": [
      1,
      1
    ],
    "max_features": 10000,
    "min_df": 2,
    "C": 0.5,
    "alpha": 1.0
  },
  "val_metrics": {
    "precision": 0.375,
    "recall": 0.5,
    "f1": 0.42857142857142855,
    "accuracy": 0.7473684210526316
  },
  "test_metrics": {
    "precision": 0.3793103448275862,
    "recall": 0.7333333333333333,
    "f1": 0.5,
    "accuracy": 0.7708333333333334
  },
  "search_results": [
    {
      "model_name": "logreg",
      "label_col": "victim_blaming_gt",
      "task_type": "binary",
      "params": {
        "ngram_range": [
          1,
          1
        ],
        "max_features": 10000,
        "min_df": 2,
        "C": 0.5,
        "alpha": 1.0
      },
      "train_metrics": {
        "precision": 0.8256880733944955,
        "recall": 0.9782608695652174,
        "f1": 0.8955223880597015,
        "accuracy": 0.9525959367945824
      },
      "val_metrics": {
        "precision": 0.375,
        "recall": 0.5,
        "f1": 0.42857142857142855,
        "accuracy": 0.7473684210526316
      }
    },
    {
      "model_name": "logreg",
      "label_col": "victim_blaming_gt",
      "task_type": "binary",
      "params": {
        "ngram_range": [
          1,
          1
        ],
        "max_features": 10000,
        "min_df": 2,
        "C": 1.0,
        "alpha": 1.0
      },
      "train_metrics": {
        "precision": 0.9387755102040817,
        "recall": 1.0,
        "f1": 0.968421052631579,
        "accuracy": 0.9864559819413092
      },
      "val_metrics": {
        "precision": 0.35,
        "recall": 0.3888888888888889,
        "f1": 0.3684210526315789,
        "accuracy": 0.7473684210526316
      }
    },
    {
      "model_name": "logreg",
      "label_col": "victim_blaming_gt",
      "task_type": "binary",
      "params": {
        "ngram_range": [
          1,
          1
        ],
        "max_features": 10000,
        "min_df": 2,
        "C": 2.0,
        "alpha": 1.0
      },
      "train_metrics": {
        "precision": 0.9387755102040817,
        "recall": 1.0,
        "f1": 0.968421052631579,
        "accuracy": 0.9864559819413092
      },
      "val_metrics": {
        "precision": 0.35294117647058826,
        "recall": 0.3333333333333333,
        "f1": 0.34285714285714286,
        "accuracy": 0.7578947368421053
      }
    },
    {
      "model_name": "logreg",
      "label_col": "victim_blaming_gt",
      "task_type": "binary",
      "params": {
        "ngram_range": [
          1,
          2
        ],
        "max_features": 10000,
        "min_df": 2,
        "C": 1.0,
        "alpha": 1.0
      },
      "train_metrics": {
        "precision": 0.9387755102040817,
        "recall": 1.0,
        "f1": 0.968421052631579,
        "accuracy": 0.9864559819413092
      },
      "val_metrics": {
        "precision": 0.3684210526315789,
        "recall": 0.3888888888888889,
        "f1": 0.3783783783783784,
        "accuracy": 0.7578947368421053
      }
    },
    {
      "model_name": "logreg",
      "label_col": "victim_blaming_gt",
      "task_type": "binary",
      "params": {
        "ngram_range": [
          1,
          2
        ],
        "max_features": 10000,
        "min_df": 2,
        "C": 2.0,
        "alpha": 1.0
      },
      "train_metrics": {
        "precision": 0.968421052631579,
        "recall": 1.0,
        "f1": 0.983957219251337,
        "accuracy": 0.9932279909706546
      },
      "val_metrics": {
        "precision": 0.4,
        "recall": 0.3333333333333333,
        "f1": 0.36363636363636365,
        "accuracy": 0.7789473684210526
      }
    },
    {
      "model_name": "logreg",
      "label_col": "victim_blaming_gt",
      "task_type": "binary",
      "params": {
        "ngram_range": [
          1,
          2
        ],
        "max_features": 20000,
        "min_df": 2,
        "C": 2.0,
        "alpha": 1.0
      },
      "train_metrics": {
        "precision": 0.9787234042553191,
        "recall": 1.0,
        "f1": 0.989247311827957,
        "accuracy": 0.9954853273137697
      },
      "val_metrics": {
        "precision": 0.42857142857142855,
        "recall": 0.3333333333333333,
        "f1": 0.375,
        "accuracy": 0.7894736842105263
      }
    }
  ],
  "model_path": "/models/framing_ml/victim_blaming__logreg.joblib"
}