{
  "regex": {
    "precision": 0.4166666666666667,
    "recall": 0.5963302752293578,
    "f1": 0.49056603773584906,
    "accuracy": 0.5741324921135647
  },
  "spacy": {
    "precision": 0.4174454828660436,
    "recall": 0.6146788990825688,
    "f1": 0.4972170686456401,
    "accuracy": 0.5725552050473186
  },
  "stanza": {
    "precision": 0.4375,
    "recall": 0.5458715596330275,
    "f1": 0.4857142857142857,
    "accuracy": 0.6025236593059937
  },
  "majority_vote": {
    "precision": 0.41479099678456594,
    "recall": 0.591743119266055,
    "f1": 0.4877126654064272,
    "accuracy": 0.5725552050473186
  }
}