{
  "regex": {
    "precision": 0.4541088833262304,
    "recall": 0.4366658725230204,
    "f1": 0.4361634625351963,
    "accuracy": 0.5078864353312302
  },
  "spacy": {
    "precision": 0.4560729265590377,
    "recall": 0.43768524051486546,
    "f1": 0.4372198057826064,
    "accuracy": 0.5094637223974764
  },
  "stanza": {
    "precision": 0.45459117654239606,
    "recall": 0.43774187206996795,
    "f1": 0.4361863960750973,
    "accuracy": 0.5047318611987381
  },
  "majority_vote": {
    "precision": 0.4541088833262304,
    "recall": 0.4366658725230204,
    "f1": 0.4361634625351963,
    "accuracy": 0.5078864353312302
  }
}