{
  "regex": {
    "precision": 0.3,
    "recall": 0.12,
    "f1": 0.17142857142857143,
    "accuracy": 0.7712933753943217
  },
  "spacy": {
    "precision": 0.2916666666666667,
    "recall": 0.112,
    "f1": 0.16184971098265896,
    "accuracy": 0.7712933753943217
  },
  "stanza": {
    "precision": 0.3,
    "recall": 0.12,
    "f1": 0.17142857142857143,
    "accuracy": 0.7712933753943217
  },
  "majority_vote": {
    "precision": 0.2916666666666667,
    "recall": 0.112,
    "f1": 0.16184971098265896,
    "accuracy": 0.7712933753943217
  }
}