{
  "metadata": {
    "total_articles": 318,
    "generated_at": "2026-03-12 01:31:16",
    "input_file": "/data/processed/LOC_v2_event_detection_framing.csv"
  },
  "stats": {
    "victim_agency": {
      "counts": {
        "bassa": 182,
        "media": 95,
        "alta": 41
      },
      "distribution": {
        "bassa": 0.5723270440251572,
        "media": 0.29874213836477986,
        "alta": 0.1289308176100629
      },
      "agency_idx": {
        "mean": -0.3292224868916475,
        "std": 0.5867974347159042,
        "median": -0.3333333333333333,
        "min": -1.0,
        "max": 1.0
      },
      "passive_ratio": {
        "mean": 0.09480931322587147,
        "std": 0.19556544622902067,
        "median": 0.0,
        "min": 0.0,
        "max": 1.0
      },
      "object_ratio": {
        "mean": 0.516342810723097,
        "std": 0.3593128369112433,
        "median": 0.5,
        "min": 0.0,
        "max": 1.0
      },
      "role_entropy": {
        "mean": 0.38136680072421025,
        "std": 0.34490327914581087,
        "median": 0.5118595071429148,
        "min": -0.0,
        "max": 1.0
      },
      "counts_raw": {
        "subj_active_mean": 0.9937106918238994,
        "subj_passive_mean": 0.3805031446540881,
        "object_mean": 1.8742138364779874
      }
    },
    "narrative_focus": {
      "counts": {
        "bilanciato": 121,
        "vittima": 107,
        "carnefice": 90
      },
      "distribution": {
        "bilanciato": 0.3805031446540881,
        "vittima": 0.33647798742138363,
        "carnefice": 0.2830188679245283
      },
      "victim_score": {
        "mean": 2.1971698113207547,
        "std": 2.428749631463684,
        "median": 1.5,
        "min": 0.0,
        "max": 19.9
      },
      "perp_score": {
        "mean": 1.9465408805031446,
        "std": 1.8136454348377302,
        "median": 1.7,
        "min": 0.0,
        "max": 15.6
      }
    }
  },
  "correlations": {
    "agency_idx_x_victim_score": 0.0293714758873221,
    "agency_idx_x_perp_score": -0.030083950650491194,
    "passive_ratio_x_perp_score": 0.06157851749195671,
    "entropy_x_agency_idx": 0.07649629577709255,
    "agency_idx_x_victim_blaming": -0.010756662193483481,
    "agency_idx_x_justification": -0.02655677460977331,
    "victim_focus_x_emo_tone": -0.024793811716124842,
    "perp_focus_x_sens_tone": -0.028578991798062066
  }
}